Method,Job,AnalyzeLaunchVariance,EvaluateOverhead,MaxAbsoluteError,MaxRelativeError,MinInvokeCount,MinIterationTime,OutlierMode,Affinity,EnvironmentVariables,Jit,LargeAddressAware,Platform,PowerPlanMode,Runtime,AllowVeryLargeObjects,Concurrent,CpuGroups,Force,HeapAffinitizeMask,HeapCount,NoAffinitize,RetainVm,Server,Arguments,BuildConfiguration,Clock,EngineFactory,NuGetReferences,Toolchain,IsMutator,InvocationCount,IterationCount,IterationTime,LaunchCount,MaxIterationCount,MaxWarmupIterationCount,MemoryRandomization,MinIterationCount,MinWarmupIterationCount,RunStrategy,UnrollFactor,WarmupCount,Size,QueryWidth,Mean,Error,StdDev,Median,Ratio,RatioSD,Gen0,Gen1,Gen2,Allocated,Alloc Ratio
SoaArrays,ShortRun,False,Default,Default,Default,Default,Default,Default,11111111111111111111111111111111,Empty,RyuJit,Default,X64,8c5e7fda-e8bf-4a96-9a85-a6e23a8c635c,.NET 10.0,False,True,False,True,Default,Default,False,False,False,Default,Default,Default,Default,Default,Default,Default,Default,3,Default,1,Default,Default,Default,Default,Default,Default,16,3,1000,Broad,91.100 μs,96.5541 μs,5.2925 μs,92.741 μs,1.00,0.07,0.0000,0.0000,0.0000,0 B,NA
ByteSpan,ShortRun,False,Default,Default,Default,Default,Default,Default,11111111111111111111111111111111,Empty,RyuJit,Default,X64,8c5e7fda-e8bf-4a96-9a85-a6e23a8c635c,.NET 10.0,False,True,False,True,Default,Default,False,False,False,Default,Default,Default,Default,Default,Default,Default,Default,3,Default,1,Default,Default,Default,Default,Default,Default,16,3,1000,Broad,74.580 μs,144.9546 μs,7.9454 μs,73.686 μs,0.82,0.09,0.0000,0.0000,0.0000,0 B,NA
ByteSpanOffsetOne,ShortRun,False,Default,Default,Default,Default,Default,Default,11111111111111111111111111111111,Empty,RyuJit,Default,X64,8c5e7fda-e8bf-4a96-9a85-a6e23a8c635c,.NET 10.0,False,True,False,True,Default,Default,False,False,False,Default,Default,Default,Default,Default,Default,Default,Default,3,Default,1,Default,Default,Default,Default,Default,Default,16,3,1000,Broad,76.422 μs,74.4459 μs,4.0806 μs,74.491 μs,0.84,0.06,0.0000,0.0000,0.0000,0 B,NA
BuildBytes,ShortRun,False,Default,Default,Default,Default,Default,Default,11111111111111111111111111111111,Empty,RyuJit,Default,X64,8c5e7fda-e8bf-4a96-9a85-a6e23a8c635c,.NET 10.0,False,True,False,True,Default,Default,False,False,False,Default,Default,Default,Default,Default,Default,Default,Default,3,Default,1,Default,Default,Default,Default,Default,Default,16,3,1000,Broad,3.145 μs,3.1137 μs,0.1707 μs,3.237 μs,0.03,0.00,1.9073,0.0000,0.0000,32024 B,NA
PopulateProvidedBytes,ShortRun,False,Default,Default,Default,Default,Default,Default,11111111111111111111111111111111,Empty,RyuJit,Default,X64,8c5e7fda-e8bf-4a96-9a85-a6e23a8c635c,.NET 10.0,False,True,False,True,Default,Default,False,False,False,Default,Default,Default,Default,Default,Default,Default,Default,3,Default,1,Default,Default,Default,Default,Default,Default,16,3,1000,Broad,1.617 μs,0.4217 μs,0.0231 μs,1.622 μs,0.02,0.00,0.0000,0.0000,0.0000,0 B,NA
SoaArrays,ShortRun,False,Default,Default,Default,Default,Default,Default,11111111111111111111111111111111,Empty,RyuJit,Default,X64,8c5e7fda-e8bf-4a96-9a85-a6e23a8c635c,.NET 10.0,False,True,False,True,Default,Default,False,False,False,Default,Default,Default,Default,Default,Default,Default,Default,3,Default,1,Default,Default,Default,Default,Default,Default,16,3,1000,Point,45.899 μs,54.2213 μs,2.9721 μs,46.497 μs,1.00,0.08,0.0000,0.0000,0.0000,0 B,NA
ByteSpan,ShortRun,False,Default,Default,Default,Default,Default,Default,11111111111111111111111111111111,Empty,RyuJit,Default,X64,8c5e7fda-e8bf-4a96-9a85-a6e23a8c635c,.NET 10.0,False,True,False,True,Default,Default,False,False,False,Default,Default,Default,Default,Default,Default,Default,Default,3,Default,1,Default,Default,Default,Default,Default,Default,16,3,1000,Point,24.628 μs,7.7585 μs,0.4253 μs,24.647 μs,0.54,0.03,0.0000,0.0000,0.0000,0 B,NA
ByteSpanOffsetOne,ShortRun,False,Default,Default,Default,Default,Default,Default,11111111111111111111111111111111,Empty,RyuJit,Default,X64,8c5e7fda-e8bf-4a96-9a85-a6e23a8c635c,.NET 10.0,False,True,False,True,Default,Default,False,False,False,Default,Default,Default,Default,Default,Default,Default,Default,3,Default,1,Default,Default,Default,Default,Default,Default,16,3,1000,Point,36.520 μs,14.1912 μs,0.7779 μs,36.884 μs,0.80,0.05,0.0000,0.0000,0.0000,0 B,NA
BuildBytes,ShortRun,False,Default,Default,Default,Default,Default,Default,11111111111111111111111111111111,Empty,RyuJit,Default,X64,8c5e7fda-e8bf-4a96-9a85-a6e23a8c635c,.NET 10.0,False,True,False,True,Default,Default,False,False,False,Default,Default,Default,Default,Default,Default,Default,Default,3,Default,1,Default,Default,Default,Default,Default,Default,16,3,1000,Point,3.367 μs,7.9805 μs,0.4374 μs,3.535 μs,0.07,0.01,1.9073,0.0000,0.0000,32024 B,NA
PopulateProvidedBytes,ShortRun,False,Default,Default,Default,Default,Default,Default,11111111111111111111111111111111,Empty,RyuJit,Default,X64,8c5e7fda-e8bf-4a96-9a85-a6e23a8c635c,.NET 10.0,False,True,False,True,Default,Default,False,False,False,Default,Default,Default,Default,Default,Default,Default,Default,3,Default,1,Default,Default,Default,Default,Default,Default,16,3,1000,Point,1.557 μs,1.0996 μs,0.0603 μs,1.559 μs,0.03,0.00,0.0000,0.0000,0.0000,0 B,NA
SoaArrays,ShortRun,False,Default,Default,Default,Default,Default,Default,11111111111111111111111111111111,Empty,RyuJit,Default,X64,8c5e7fda-e8bf-4a96-9a85-a6e23a8c635c,.NET 10.0,False,True,False,True,Default,Default,False,False,False,Default,Default,Default,Default,Default,Default,Default,Default,3,Default,1,Default,Default,Default,Default,Default,Default,16,3,10000,Broad,"1,662.100 μs",615.8512 μs,33.7569 μs,"1,644.421 μs",1.000,0.02,0.0000,0.0000,0.0000,0 B,NA
ByteSpan,ShortRun,False,Default,Default,Default,Default,Default,Default,11111111111111111111111111111111,Empty,RyuJit,Default,X64,8c5e7fda-e8bf-4a96-9a85-a6e23a8c635c,.NET 10.0,False,True,False,True,Default,Default,False,False,False,Default,Default,Default,Default,Default,Default,Default,Default,3,Default,1,Default,Default,Default,Default,Default,Default,16,3,10000,Broad,"1,862.591 μs","1,925.3072 μs",105.5326 μs,"1,874.765 μs",1.121,0.06,0.0000,0.0000,0.0000,0 B,NA
ByteSpanOffsetOne,ShortRun,False,Default,Default,Default,Default,Default,Default,11111111111111111111111111111111,Empty,RyuJit,Default,X64,8c5e7fda-e8bf-4a96-9a85-a6e23a8c635c,.NET 10.0,False,True,False,True,Default,Default,False,False,False,Default,Default,Default,Default,Default,Default,Default,Default,3,Default,1,Default,Default,Default,Default,Default,Default,16,3,10000,Broad,"1,784.588 μs",704.8471 μs,38.6351 μs,"1,802.434 μs",1.074,0.03,0.0000,0.0000,0.0000,0 B,NA
BuildBytes,ShortRun,False,Default,Default,Default,Default,Default,Default,11111111111111111111111111111111,Empty,RyuJit,Default,X64,8c5e7fda-e8bf-4a96-9a85-a6e23a8c635c,.NET 10.0,False,True,False,True,Default,Default,False,False,False,Default,Default,Default,Default,Default,Default,Default,Default,3,Default,1,Default,Default,Default,Default,Default,Default,16,3,10000,Broad,53.987 μs,434.3489 μs,23.8081 μs,41.377 μs,0.032,0.01,59.0820,59.0820,59.0820,320035 B,NA
PopulateProvidedBytes,ShortRun,False,Default,Default,Default,Default,Default,Default,11111111111111111111111111111111,Empty,RyuJit,Default,X64,8c5e7fda-e8bf-4a96-9a85-a6e23a8c635c,.NET 10.0,False,True,False,True,Default,Default,False,False,False,Default,Default,Default,Default,Default,Default,Default,Default,3,Default,1,Default,Default,Default,Default,Default,Default,16,3,10000,Broad,14.793 μs,6.5067 μs,0.3567 μs,14.700 μs,0.009,0.00,0.0000,0.0000,0.0000,0 B,NA
SoaArrays,ShortRun,False,Default,Default,Default,Default,Default,Default,11111111111111111111111111111111,Empty,RyuJit,Default,X64,8c5e7fda-e8bf-4a96-9a85-a6e23a8c635c,.NET 10.0,False,True,False,True,Default,Default,False,False,False,Default,Default,Default,Default,Default,Default,Default,Default,3,Default,1,Default,Default,Default,Default,Default,Default,16,3,10000,Point,416.435 μs,50.1306 μs,2.7478 μs,417.098 μs,1.00,0.01,0.0000,0.0000,0.0000,0 B,NA
ByteSpan,ShortRun,False,Default,Default,Default,Default,Default,Default,11111111111111111111111111111111,Empty,RyuJit,Default,X64,8c5e7fda-e8bf-4a96-9a85-a6e23a8c635c,.NET 10.0,False,True,False,True,Default,Default,False,False,False,Default,Default,Default,Default,Default,Default,Default,Default,3,Default,1,Default,Default,Default,Default,Default,Default,16,3,10000,Point,316.647 μs,583.2001 μs,31.9672 μs,318.334 μs,0.76,0.07,0.0000,0.0000,0.0000,0 B,NA
ByteSpanOffsetOne,ShortRun,False,Default,Default,Default,Default,Default,Default,11111111111111111111111111111111,Empty,RyuJit,Default,X64,8c5e7fda-e8bf-4a96-9a85-a6e23a8c635c,.NET 10.0,False,True,False,True,Default,Default,False,False,False,Default,Default,Default,Default,Default,Default,Default,Default,3,Default,1,Default,Default,Default,Default,Default,Default,16,3,10000,Point,298.258 μs,98.9047 μs,5.4213 μs,300.110 μs,0.72,0.01,0.0000,0.0000,0.0000,0 B,NA
BuildBytes,ShortRun,False,Default,Default,Default,Default,Default,Default,11111111111111111111111111111111,Empty,RyuJit,Default,X64,8c5e7fda-e8bf-4a96-9a85-a6e23a8c635c,.NET 10.0,False,True,False,True,Default,Default,False,False,False,Default,Default,Default,Default,Default,Default,Default,Default,3,Default,1,Default,Default,Default,Default,Default,Default,16,3,10000,Point,77.342 μs,756.0059 μs,41.4392 μs,56.817 μs,0.19,0.09,84.7168,84.7168,84.7168,320049 B,NA
PopulateProvidedBytes,ShortRun,False,Default,Default,Default,Default,Default,Default,11111111111111111111111111111111,Empty,RyuJit,Default,X64,8c5e7fda-e8bf-4a96-9a85-a6e23a8c635c,.NET 10.0,False,True,False,True,Default,Default,False,False,False,Default,Default,Default,Default,Default,Default,Default,Default,3,Default,1,Default,Default,Default,Default,Default,Default,16,3,10000,Point,15.279 μs,9.4780 μs,0.5195 μs,15.195 μs,0.04,0.00,0.0000,0.0000,0.0000,0 B,NA
