Method,Job,AnalyzeLaunchVariance,EvaluateOverhead,MaxAbsoluteError,MaxRelativeError,MinInvokeCount,MinIterationTime,OutlierMode,Affinity,EnvironmentVariables,Jit,LargeAddressAware,Platform,PowerPlanMode,Runtime,AllowVeryLargeObjects,Concurrent,CpuGroups,Force,HeapAffinitizeMask,HeapCount,NoAffinitize,RetainVm,Server,Arguments,BuildConfiguration,Clock,EngineFactory,NuGetReferences,Toolchain,IsMutator,InvocationCount,IterationCount,IterationTime,LaunchCount,MaxIterationCount,MaxWarmupIterationCount,MemoryRandomization,MinIterationCount,MinWarmupIterationCount,RunStrategy,UnrollFactor,WarmupCount,QueryKind,Mean,Error,StdDev,Ratio,RatioSD,Allocated,Alloc Ratio
LegacyDouble2D,Job-TGBHRT,False,Default,Default,Default,Default,Default,Default,11111111111111111111111111111111,Empty,RyuJit,Default,X64,8c5e7fda-e8bf-4a96-9a85-a6e23a8c635c,.NET 10.0,False,True,False,True,Default,Default,False,False,False,Default,Default,Default,Default,Default,Default,Default,Default,10,Default,1,Default,Default,Default,Default,Default,Default,16,5,Point,8.342 μs,0.4854 μs,0.3211 μs,1.00,0.05,0 B,NA
Int2D,Job-TGBHRT,False,Default,Default,Default,Default,Default,Default,11111111111111111111111111111111,Empty,RyuJit,Default,X64,8c5e7fda-e8bf-4a96-9a85-a6e23a8c635c,.NET 10.0,False,True,False,True,Default,Default,False,False,False,Default,Default,Default,Default,Default,Default,Default,Default,10,Default,1,Default,Default,Default,Default,Default,Default,16,5,Point,7.851 μs,0.3747 μs,0.2478 μs,0.94,0.05,0 B,NA
Long2D,Job-TGBHRT,False,Default,Default,Default,Default,Default,Default,11111111111111111111111111111111,Empty,RyuJit,Default,X64,8c5e7fda-e8bf-4a96-9a85-a6e23a8c635c,.NET 10.0,False,True,False,True,Default,Default,False,False,False,Default,Default,Default,Default,Default,Default,Default,Default,10,Default,1,Default,Default,Default,Default,Default,Default,16,5,Point,7.641 μs,0.8667 μs,0.5732 μs,0.92,0.07,0 B,NA
Float2D,Job-TGBHRT,False,Default,Default,Default,Default,Default,Default,11111111111111111111111111111111,Empty,RyuJit,Default,X64,8c5e7fda-e8bf-4a96-9a85-a6e23a8c635c,.NET 10.0,False,True,False,True,Default,Default,False,False,False,Default,Default,Default,Default,Default,Default,Default,Default,10,Default,1,Default,Default,Default,Default,Default,Default,16,5,Point,7.688 μs,1.1624 μs,0.7689 μs,0.92,0.09,0 B,NA
GenericDouble2D,Job-TGBHRT,False,Default,Default,Default,Default,Default,Default,11111111111111111111111111111111,Empty,RyuJit,Default,X64,8c5e7fda-e8bf-4a96-9a85-a6e23a8c635c,.NET 10.0,False,True,False,True,Default,Default,False,False,False,Default,Default,Default,Default,Default,Default,Default,Default,10,Default,1,Default,Default,Default,Default,Default,Default,16,5,Point,6.650 μs,0.6663 μs,0.4407 μs,0.80,0.06,0 B,NA
Int3D,Job-TGBHRT,False,Default,Default,Default,Default,Default,Default,11111111111111111111111111111111,Empty,RyuJit,Default,X64,8c5e7fda-e8bf-4a96-9a85-a6e23a8c635c,.NET 10.0,False,True,False,True,Default,Default,False,False,False,Default,Default,Default,Default,Default,Default,Default,Default,10,Default,1,Default,Default,Default,Default,Default,Default,16,5,Point,7.817 μs,0.5491 μs,0.3632 μs,0.94,0.05,0 B,NA
Long3D,Job-TGBHRT,False,Default,Default,Default,Default,Default,Default,11111111111111111111111111111111,Empty,RyuJit,Default,X64,8c5e7fda-e8bf-4a96-9a85-a6e23a8c635c,.NET 10.0,False,True,False,True,Default,Default,False,False,False,Default,Default,Default,Default,Default,Default,Default,Default,10,Default,1,Default,Default,Default,Default,Default,Default,16,5,Point,9.213 μs,2.1459 μs,1.4194 μs,1.11,0.17,0 B,NA
Float3D,Job-TGBHRT,False,Default,Default,Default,Default,Default,Default,11111111111111111111111111111111,Empty,RyuJit,Default,X64,8c5e7fda-e8bf-4a96-9a85-a6e23a8c635c,.NET 10.0,False,True,False,True,Default,Default,False,False,False,Default,Default,Default,Default,Default,Default,Default,Default,10,Default,1,Default,Default,Default,Default,Default,Default,16,5,Point,11.427 μs,0.4904 μs,0.3244 μs,1.37,0.06,0 B,NA
Double3D,Job-TGBHRT,False,Default,Default,Default,Default,Default,Default,11111111111111111111111111111111,Empty,RyuJit,Default,X64,8c5e7fda-e8bf-4a96-9a85-a6e23a8c635c,.NET 10.0,False,True,False,True,Default,Default,False,False,False,Default,Default,Default,Default,Default,Default,Default,Default,10,Default,1,Default,Default,Default,Default,Default,Default,16,5,Point,12.567 μs,0.5256 μs,0.3127 μs,1.51,0.07,0 B,NA
LegacyDouble2D,Job-TGBHRT,False,Default,Default,Default,Default,Default,Default,11111111111111111111111111111111,Empty,RyuJit,Default,X64,8c5e7fda-e8bf-4a96-9a85-a6e23a8c635c,.NET 10.0,False,True,False,True,Default,Default,False,False,False,Default,Default,Default,Default,Default,Default,Default,Default,10,Default,1,Default,Default,Default,Default,Default,Default,16,5,Region,47.273 μs,4.9874 μs,3.2989 μs,1.00,0.10,0 B,NA
Int2D,Job-TGBHRT,False,Default,Default,Default,Default,Default,Default,11111111111111111111111111111111,Empty,RyuJit,Default,X64,8c5e7fda-e8bf-4a96-9a85-a6e23a8c635c,.NET 10.0,False,True,False,True,Default,Default,False,False,False,Default,Default,Default,Default,Default,Default,Default,Default,10,Default,1,Default,Default,Default,Default,Default,Default,16,5,Region,40.255 μs,4.3843 μs,2.6090 μs,0.86,0.08,0 B,NA
Long2D,Job-TGBHRT,False,Default,Default,Default,Default,Default,Default,11111111111111111111111111111111,Empty,RyuJit,Default,X64,8c5e7fda-e8bf-4a96-9a85-a6e23a8c635c,.NET 10.0,False,True,False,True,Default,Default,False,False,False,Default,Default,Default,Default,Default,Default,Default,Default,10,Default,1,Default,Default,Default,Default,Default,Default,16,5,Region,49.069 μs,22.6426 μs,14.9767 μs,1.04,0.31,0 B,NA
Float2D,Job-TGBHRT,False,Default,Default,Default,Default,Default,Default,11111111111111111111111111111111,Empty,RyuJit,Default,X64,8c5e7fda-e8bf-4a96-9a85-a6e23a8c635c,.NET 10.0,False,True,False,True,Default,Default,False,False,False,Default,Default,Default,Default,Default,Default,Default,Default,10,Default,1,Default,Default,Default,Default,Default,Default,16,5,Region,38.268 μs,2.2262 μs,1.3247 μs,0.81,0.06,0 B,NA
GenericDouble2D,Job-TGBHRT,False,Default,Default,Default,Default,Default,Default,11111111111111111111111111111111,Empty,RyuJit,Default,X64,8c5e7fda-e8bf-4a96-9a85-a6e23a8c635c,.NET 10.0,False,True,False,True,Default,Default,False,False,False,Default,Default,Default,Default,Default,Default,Default,Default,10,Default,1,Default,Default,Default,Default,Default,Default,16,5,Region,52.480 μs,4.8248 μs,3.1913 μs,1.12,0.10,0 B,NA
Int3D,Job-TGBHRT,False,Default,Default,Default,Default,Default,Default,11111111111111111111111111111111,Empty,RyuJit,Default,X64,8c5e7fda-e8bf-4a96-9a85-a6e23a8c635c,.NET 10.0,False,True,False,True,Default,Default,False,False,False,Default,Default,Default,Default,Default,Default,Default,Default,10,Default,1,Default,Default,Default,Default,Default,Default,16,5,Region,20.898 μs,2.8076 μs,1.6708 μs,0.44,0.05,0 B,NA
Long3D,Job-TGBHRT,False,Default,Default,Default,Default,Default,Default,11111111111111111111111111111111,Empty,RyuJit,Default,X64,8c5e7fda-e8bf-4a96-9a85-a6e23a8c635c,.NET 10.0,False,True,False,True,Default,Default,False,False,False,Default,Default,Default,Default,Default,Default,Default,Default,10,Default,1,Default,Default,Default,Default,Default,Default,16,5,Region,24.319 μs,4.9673 μs,3.2856 μs,0.52,0.08,0 B,NA
Float3D,Job-TGBHRT,False,Default,Default,Default,Default,Default,Default,11111111111111111111111111111111,Empty,RyuJit,Default,X64,8c5e7fda-e8bf-4a96-9a85-a6e23a8c635c,.NET 10.0,False,True,False,True,Default,Default,False,False,False,Default,Default,Default,Default,Default,Default,Default,Default,10,Default,1,Default,Default,Default,Default,Default,Default,16,5,Region,28.978 μs,7.7378 μs,5.1181 μs,0.62,0.11,0 B,NA
Double3D,Job-TGBHRT,False,Default,Default,Default,Default,Default,Default,11111111111111111111111111111111,Empty,RyuJit,Default,X64,8c5e7fda-e8bf-4a96-9a85-a6e23a8c635c,.NET 10.0,False,True,False,True,Default,Default,False,False,False,Default,Default,Default,Default,Default,Default,Default,Default,10,Default,1,Default,Default,Default,Default,Default,Default,16,5,Region,22.993 μs,1.7005 μs,1.1248 μs,0.49,0.04,0 B,NA
