Scenario,Variant,Round,Microseconds,AllocatedBytes,Checksum
Uniform-Point,Before,0,62.41419656786272,0,3846
Uniform-Point,After,0,68.49366438356165,0,3504
Uniform-Point,SIMD,0,570.1084507042253,0,426
Uniform-Point,SpanCollector,0,69.459375,0,3456
Uniform-Point,ListCount,0,69.17202072538859,0,3474
Uniform-Point,ListCount,1,68.80773195876289,0,3492
Uniform-Point,SpanCollector,1,68.60445205479452,0,3504
Uniform-Point,SIMD,1,587.0840579710145,0,414
Uniform-Point,After,1,7.369546794399411,0,32568
Uniform-Point,Before,1,6.6218010263201466,0,36246
Uniform-Point,Before,2,6.126818808393322,0,39174
Uniform-Point,After,2,5.370318163511881,0,44694
Uniform-Point,SIMD,2,582.7565217391304,0,414
Uniform-Point,SpanCollector,2,40.877425944841676,0,5874
Uniform-Point,ListCount,2,40.925357873210636,0,5868
Uniform-Point,ListCount,3,11.459553136637068,0,20946
Uniform-Point,SpanCollector,3,6.019774266365689,0,39870
Uniform-Point,SIMD,3,221.8624309392265,0,1086
Uniform-Point,After,3,5.343181514625351,0,44922
Uniform-Point,Before,3,6.025986742994878,0,39828
Uniform-Point,Before,4,6.00562978531752,0,39966
Uniform-Point,After,4,5.348816686722825,0,44874
Uniform-Point,SIMD,4,197.62364532019703,0,1218
Uniform-Point,SpanCollector,4,5.642242595204514,0,42540
Uniform-Point,ListCount,4,5.8198137910968875,0,41244
Uniform-Point,ListCount,5,6.019440264820944,0,39876
Uniform-Point,SpanCollector,5,5.642911553110452,0,42534
Uniform-Point,SIMD,5,194.92038834951455,0,1236
Uniform-Point,After,5,5.323073852295409,0,45090
Uniform-Point,Before,5,6.0551316984559485,0,39636
Uniform-Point,Before,6,6.038813405797101,0,39744
Uniform-Point,After,6,5.33739826551034,0,44970
Uniform-Point,SIMD,6,197.98128078817732,0,1218
Uniform-Point,SpanCollector,6,5.656391402714932,0,42432
Uniform-Point,ListCount,6,5.713281919451585,0,42012
Uniform-Point,ListCount,7,5.649399802287813,0,42486
Uniform-Point,SpanCollector,7,5.674634699957441,0,42294
Uniform-Point,SIMD,7,196.02829268292683,0,1230
Uniform-Point,After,7,5.344989310529129,0,44904
Uniform-Point,Before,7,6.064165529786267,0,39582
Uniform-Point,Before,8,6.056805450416351,0,39630
Uniform-Point,After,8,5.304999336957963,0,45246
Uniform-Point,SIMD,8,198.58168316831683,0,1212
Uniform-Point,SpanCollector,8,5.677970191625267,0,42270
Uniform-Point,ListCount,8,5.732545141874462,0,41868
Uniform-Small,Before,0,14.443790613718413,0,966730
Uniform-Small,After,0,14.226778093883356,0,981388
Uniform-Small,SIMD,0,337.5596638655462,0,41531
Uniform-Small,SpanCollector,0,14.555438341214987,0,959401
Uniform-Small,ListCount,0,12.219267175572519,0,1142975
Uniform-Small,ListCount,1,13.258700696055685,0,1052933
Uniform-Small,SpanCollector,1,13.36695623120615,0,1044557
Uniform-Small,SIMD,1,297.28666666666663,0,47115
Uniform-Small,After,1,14.909914275065226,0,936367
Uniform-Small,Before,1,15.271832061068702,0,914380
Uniform-Small,Before,2,14.257733428367782,0,979294
Uniform-Small,After,2,13.557573703829211,0,1029899
Uniform-Small,SIMD,2,344.46752136752133,0,40833
Uniform-Small,SpanCollector,2,14.072282799859304,0,992207
Uniform-Small,ListCount,2,14.562577357116854,0,958703
Uniform-Small,ListCount,3,13.911369958275381,0,1003724
Uniform-Small,SpanCollector,3,15.074189902034664,0,926246
Uniform-Small,SIMD,3,324.18790322580645,0,43276
Uniform-Small,After,3,13.70027397260274,0,1019080
Uniform-Small,Before,3,15.958396489828479,0,874943
Uniform-Small,Before,4,15.62734375,0,893440
Uniform-Small,After,4,13.90942280945758,0,1003724
Uniform-Small,SIMD,4,301.5052631578947,0,46417
Uniform-Small,SpanCollector,4,13.532374830852502,0,1031644
Uniform-Small,ListCount,4,14.457333815028901,0,966032
Uniform-Small,ListCount,5,13.894894060437652,0,1004771
Uniform-Small,SpanCollector,5,14.10162143108918,0,990113
Uniform-Small,SIMD,5,346.7784482758621,0,40484
Uniform-Small,After,5,12.073989136994568,0,1156586
Uniform-Small,Before,5,15.45225955967555,0,903561
Uniform-Small,Before,6,16.23640422077922,0,859936
Uniform-Small,After,6,12.550972396486825,0,1112612
Uniform-Small,SIMD,6,337.57563025210084,0,41531
Uniform-Small,SpanCollector,6,14.044647244647244,0,994301
Uniform-Small,ListCount,6,12.844173354735153,0,1087135
Uniform-Small,ListCount,7,13.993809024134313,0,997791
Uniform-Small,SpanCollector,7,15.368267383787936,0,908447
Uniform-Small,SIMD,7,336.26806722689076,0,41531
Uniform-Small,After,7,14.171625929861849,0,985227
Uniform-Small,Before,7,14.375314408911247,0,971267
Uniform-Small,Before,8,15.528804347826085,0,899024
Uniform-Small,After,8,13.469764309764308,0,1036530
Uniform-Small,SIMD,8,341.9299145299145,0,40833
Uniform-Small,SpanCollector,8,13.544346648612052,0,1030946
Uniform-Small,ListCount,8,12.165510948905109,0,1147512
Uniform-Medium,Before,0,156.63359375,0,5644288
Uniform-Medium,After,0,117.61378299120236,0,7518368
Uniform-Medium,SIMD,0,453.1224719101124,0,1962272
Uniform-Medium,SpanCollector,0,119.91676646706586,0,7364032
Uniform-Medium,ListCount,0,121.83373860182371,0,7253792
Uniform-Medium,ListCount,1,124.80934579439253,0,7077408
Uniform-Medium,SpanCollector,1,123.64475308641975,0,7143552
Uniform-Medium,SIMD,1,487.63253012048193,0,1829984
Uniform-Medium,After,1,135.46756756756758,0,6526208
Uniform-Medium,Before,1,158.4501976284585,0,5578144
Uniform-Medium,Before,2,150.69774436090225,0,5864768
Uniform-Medium,After,2,143.77849462365592,0,6151392
Uniform-Medium,SIMD,2,514.275641025641,0,1719744
Uniform-Medium,SpanCollector,2,141.80141342756184,0,6239584
Uniform-Medium,ListCount,2,134.45067114093962,0,6570304
Uniform-Medium,ListCount,3,134.67046979865773,0,6570304
Uniform-Medium,SpanCollector,3,138.47820069204153,0,6371872
Uniform-Medium,SIMD,3,485.8216867469879,0,1829984
Uniform-Medium,After,3,123.32461538461538,0,7165600
Uniform-Medium,Before,3,170.3421276595745,0,5181280
Uniform-Medium,Before,4,178.85669642857144,0,4938752
Uniform-Medium,After,4,146.97106227106227,0,6019104
Uniform-Medium,SIMD,4,445.93222222222226,0,1984320
Uniform-Medium,SpanCollector,4,123.90712074303406,0,7121504
Uniform-Medium,ListCount,4,126.31640378548897,0,6989216
Uniform-Medium,ListCount,5,127.33206349206348,0,6945120
Uniform-Medium,SpanCollector,5,131.04640522875815,0,6746688
Uniform-Medium,SIMD,5,472.69882352941175,0,1874080
Uniform-Medium,After,5,135.77694915254236,0,6504160
Uniform-Medium,Before,5,166.14647302904567,0,5313568
Uniform-Medium,Before,6,167.52468619246864,0,5269472
Uniform-Medium,After,6,125.56614420062695,0,7033312
Uniform-Medium,SIMD,6,508.1278481012658,0,1741792
Uniform-Medium,SpanCollector,6,133.66366666666667,0,6614400
Uniform-Medium,ListCount,6,135.51283783783785,0,6526208
Uniform-Medium,ListCount,7,133.55233333333334,0,6614400
Uniform-Medium,SpanCollector,7,129.8987012987013,0,6790784
Uniform-Medium,SIMD,7,500.4325,0,1763840
Uniform-Medium,After,7,126.07798742138365,0,7011264
Uniform-Medium,Before,7,163.30569105691055,0,5423808
Uniform-Medium,Before,8,160.02709163346614,0,5534048
Uniform-Medium,After,8,140.20524475524473,0,6305728
Uniform-Medium,SIMD,8,462.86436781609194,0,1918176
Uniform-Medium,SpanCollector,8,139.04583333333332,0,6349824
Uniform-Medium,ListCount,8,121.3069696969697,0,7275840
Uniform-Broad,Before,0,765.4811320754717,0,8665924
Uniform-Broad,After,0,536.9146666666667,0,12263100
Uniform-Broad,SIMD,0,921.9568181818181,0,7194352
Uniform-Broad,SpanCollector,0,491.8414634146341,0,13407656
Uniform-Broad,ListCount,0,536.3146666666667,0,12263100
Uniform-Broad,ListCount,1,551.5917808219177,0,11936084
Uniform-Broad,SpanCollector,1,418.6770833333333,0,15696768
Uniform-Broad,SIMD,1,897.2111111111111,0,7357860
Uniform-Broad,After,1,548.2178082191781,0,11936084
Uniform-Broad,Before,1,802.972,0,8175400
Uniform-Broad,Before,2,752.1166666666667,0,8829432
Uniform-Broad,After,2,544.1797297297297,0,12099592
Uniform-Broad,SIMD,2,927.1227272727273,0,7194352
Uniform-Broad,SpanCollector,2,460.03793103448277,0,14225196
Uniform-Broad,ListCount,2,536.1706666666668,0,12263100
Uniform-Broad,ListCount,3,562.6347222222222,0,11772576
Uniform-Broad,SpanCollector,3,473.99058823529407,0,13898180
Uniform-Broad,SIMD,3,927.6954545454545,0,7194352
Uniform-Broad,After,3,519.2653846153846,0,12753624
Uniform-Broad,Before,3,767.1433962264151,0,8665924
Uniform-Broad,Before,4,878.2630434782608,0,7521368
Uniform-Broad,After,4,538.5253333333334,0,12263100
Uniform-Broad,SIMD,4,906.2133333333333,0,7357860
Uniform-Broad,SpanCollector,4,496.3913580246913,0,13244148
Uniform-Broad,ListCount,4,690.3706896551724,0,9483464
Uniform-Broad,ListCount,5,527.1092105263158,0,12426608
Uniform-Broad,SpanCollector,5,477.02261904761906,0,13734672
Uniform-Broad,SIMD,5,926.7272727272727,0,7194352
Uniform-Broad,After,5,537.5013333333333,0,12263100
Uniform-Broad,Before,5,866.4744680851064,0,7684876
Uniform-Broad,Before,6,817.1122448979592,0,8011892
Uniform-Broad,After,6,513.0153846153846,0,12753624
Uniform-Broad,SIMD,6,888.7847826086957,0,7521368
Uniform-Broad,SpanCollector,6,479.527380952381,0,13734672
Uniform-Broad,ListCount,6,500.97375,0,13080640
Uniform-Broad,ListCount,7,527.221052631579,0,12426608
Uniform-Broad,SpanCollector,7,467.65232558139536,0,14061688
Uniform-Broad,SIMD,7,905.4022222222222,0,7357860
Uniform-Broad,After,7,524.861038961039,0,12590116
Uniform-Broad,Before,7,911.4840909090909,0,7194352
Uniform-Broad,Before,8,783.0115384615384,0,8502416
Uniform-Broad,After,8,541.6959459459459,0,12099592
Uniform-Broad,SIMD,8,905.4644444444444,0,7357860
Uniform-Broad,SpanCollector,8,448.87,0,14715720
Uniform-Broad,ListCount,8,515.0897435897435,0,12753624
Uniform-All,Before,0,2186.936842105263,0,12160000
Uniform-All,After,0,1263.15625,0,20480000
Uniform-All,SIMD,0,2024.595,0,12800000
Uniform-All,SpanCollector,0,1040.6974358974358,0,24960000
Uniform-All,ListCount,0,1487.2296296296295,0,17280000
Uniform-All,ListCount,1,1561.4499999999998,0,16640000
Uniform-All,SpanCollector,1,959.45,0,26880000
Uniform-All,SIMD,1,2058.715,0,12800000
Uniform-All,After,1,1343.74,0,19200000
Uniform-All,Before,1,2297.7277777777776,0,11520000
Uniform-All,Before,2,2241.288888888889,0,11520000
Uniform-All,After,2,1579.646153846154,0,16640000
Uniform-All,SIMD,2,2170.7368421052633,0,12160000
Uniform-All,SpanCollector,2,1037.6435897435897,0,24960000
Uniform-All,ListCount,2,1392.3034482758621,0,18560000
Uniform-All,ListCount,3,1435.1499999999999,0,17920000
Uniform-All,SpanCollector,3,987.4926829268292,0,26240000
Uniform-All,SIMD,3,1993.2142857142858,0,13440000
Uniform-All,After,3,1282.559375,0,20480000
Uniform-All,Before,3,1981.2619047619048,0,13440000
Uniform-All,Before,4,2019.655,0,12800000
Uniform-All,After,4,1707.7166666666665,0,15360000
Uniform-All,SIMD,4,2072.065,0,12800000
Uniform-All,SpanCollector,4,1085.1675675675674,0,23680000
Uniform-All,ListCount,4,1234.509090909091,0,21120000
Uniform-All,ListCount,5,1296.7612903225806,0,19840000
Uniform-All,SpanCollector,5,967.2928571428572,0,26880000
Uniform-All,SIMD,5,2077.875,0,12800000
Uniform-All,After,5,1471.1964285714287,0,17920000
Uniform-All,Before,5,2653.21875,0,10240000
Uniform-All,Before,6,2878.0285714285715,0,8960000
Uniform-All,After,6,1487.9074074074074,0,17280000
Uniform-All,SIMD,6,2204.1684210526314,0,12160000
Uniform-All,SpanCollector,6,1184.0264705882353,0,21760000
Uniform-All,ListCount,6,1568.6961538461537,0,16640000
Uniform-All,ListCount,7,1540.75,0,16640000
Uniform-All,SpanCollector,7,1156.7142857142858,0,22400000
Uniform-All,SIMD,7,2228.1666666666665,0,11520000
Uniform-All,After,7,1504.7,0,17280000
Uniform-All,Before,7,2751.1066666666666,0,9600000
Uniform-All,Before,8,2581.24375,0,10240000
Uniform-All,After,8,1370.7833333333333,0,19200000
Uniform-All,SIMD,8,2106.6421052631576,0,12160000
Uniform-All,SpanCollector,8,1345.7933333333335,0,19200000
Uniform-All,ListCount,8,1537.677777777778,0,17280000
Uniform-Miss,Before,0,0.4808443627009028,0,0
Uniform-Miss,After,0,0.226120702325634,0,0
Uniform-Miss,SIMD,0,268.4953020134228,0,0
Uniform-Miss,SpanCollector,0,0.43683710466538533,0,0
Uniform-Miss,ListCount,0,0.4806749645577528,0,0
Uniform-Miss,ListCount,1,0.48603749741795166,0,0
Uniform-Miss,SpanCollector,1,0.399277308072389,0,0
Uniform-Miss,SIMD,1,279.9048951048951,0,0
Uniform-Miss,After,1,0.2658867322520606,0,0
Uniform-Miss,Before,1,0.4629587620513651,0,0
Uniform-Miss,Before,2,0.49629638820303484,0,0
Uniform-Miss,After,2,0.23426257254800906,0,0
Uniform-Miss,SIMD,2,298.99626865671644,0,0
Uniform-Miss,SpanCollector,2,0.439012665452071,0,0
Uniform-Miss,ListCount,2,0.4227793514564749,0,0
Uniform-Miss,ListCount,3,0.4161386972940919,0,0
Uniform-Miss,SpanCollector,3,0.42438835487088084,0,0
Uniform-Miss,SIMD,3,285.9185714285714,0,0
Uniform-Miss,After,3,0.26514078905504296,0,0
Uniform-Miss,Before,3,0.4900183755972069,0,0
Uniform-Miss,Before,4,0.4803386370459321,0,0
Uniform-Miss,After,4,0.27065566005819064,0,0
Uniform-Miss,SIMD,4,310.3488372093023,0,0
Uniform-Miss,SpanCollector,4,0.4704688198348662,0,0
Uniform-Miss,ListCount,4,0.4907626432409884,0,0
Uniform-Miss,ListCount,5,0.514345047512505,0,0
Uniform-Miss,SpanCollector,5,0.43381088203715557,0,0
Uniform-Miss,SIMD,5,258.6283870967742,0,0
Uniform-Miss,After,5,0.2591653600445763,0,0
Uniform-Miss,Before,5,0.5109064667339354,0,0
Uniform-Miss,Before,6,0.47324956815976904,0,0
Uniform-Miss,After,6,0.2594319736935979,0,0
Uniform-Miss,SIMD,6,302.018045112782,0,0
Uniform-Miss,SpanCollector,6,0.4122626924741821,0,0
Uniform-Miss,ListCount,6,0.4438329412809019,0,0
Uniform-Miss,ListCount,7,0.4224287419078898,0,0
Uniform-Miss,SpanCollector,7,0.4460115516703091,0,0
Uniform-Miss,SIMD,7,266.79536423841057,0,0
Uniform-Miss,After,7,0.26112137332332497,0,0
Uniform-Miss,Before,7,0.5008338863360337,0,0
Uniform-Miss,Before,8,0.44489428199624065,0,0
Uniform-Miss,After,8,0.2474886155521457,0,0
Uniform-Miss,SIMD,8,284.745390070922,0,0
Uniform-Miss,SpanCollector,8,0.43943488673565795,0,0
Uniform-Miss,ListCount,8,0.48705176129652855,0,0
Clustered-Point,Before,0,2.0617359035151015,0,135814
Clustered-Point,After,0,1.3356205549434037,0,209643
Clustered-Point,SIMD,0,260.8285714285714,0,1078
Clustered-Point,SpanCollector,0,1.6881536189069426,0,165865
Clustered-Point,ListCount,0,1.831398223605897,0,152894
Clustered-Point,ListCount,1,1.613378776267495,0,173551
Clustered-Point,SpanCollector,1,1.645509893455099,0,170163
Clustered-Point,SIMD,1,321.4552,0,875
Clustered-Point,After,1,1.3712155491567255,0,204204
Clustered-Point,Before,1,1.8271136893070845,0,153251
Clustered-Point,Before,2,1.9354509386491194,0,144676
Clustered-Point,After,2,1.4799874204528636,0,189196
Clustered-Point,SIMD,2,307.92615384615385,0,910
Clustered-Point,SpanCollector,2,1.5864480050765446,0,176498
Clustered-Point,ListCount,2,1.4882725006511144,0,188139
Clustered-Point,ListCount,3,1.7529514877952583,0,159733
Clustered-Point,SpanCollector,3,1.5793540490385756,0,177289
Clustered-Point,SIMD,3,265.7662251655629,0,1057
Clustered-Point,After,3,1.3416851143757966,0,208698
Clustered-Point,Before,3,1.8945910102780277,0,147791
Clustered-Point,Before,4,1.8458216049097873,0,151697
Clustered-Point,After,4,1.4721514794641544,0,190204
Clustered-Point,SIMD,4,290.331884057971,0,966
Clustered-Point,SpanCollector,4,1.796487918799964,0,155862
Clustered-Point,ListCount,4,1.8955267023645928,0,147721
Clustered-Point,ListCount,5,1.6271895212138467,0,172081
Clustered-Point,SpanCollector,5,1.913976745298818,0,146293
Clustered-Point,SIMD,5,307.1442748091603,0,917
Clustered-Point,After,5,1.5431178149834117,0,181454
Clustered-Point,Before,5,1.8862686848682038,0,148449
Clustered-Point,Before,6,1.8696891797148867,0,149765
Clustered-Point,After,6,1.4148056449616242,0,197911
Clustered-Point,SIMD,6,324.10403225806454,0,868
Clustered-Point,SpanCollector,6,1.7828623640577643,0,157052
Clustered-Point,ListCount,6,1.8775170147852618,0,149135
Clustered-Point,ListCount,7,2.0521547301457006,0,136444
Clustered-Point,SpanCollector,7,1.6027205705585383,0,174706
Clustered-Point,SIMD,7,328.2154471544715,0,861
Clustered-Point,After,7,1.4769855628992357,0,189581
Clustered-Point,Before,7,2.226353870985696,0,125769
Clustered-Point,Before,8,1.7814117123135158,0,157185
Clustered-Point,After,8,1.714893252164966,0,163282
Clustered-Point,SIMD,8,340.71101694915257,0,826
Clustered-Point,SpanCollector,8,1.741107338730739,0,160818
Clustered-Point,ListCount,8,1.5044003159201174,0,186123
Clustered-Small,Before,0,3.7728284447797797,0,4283612
Clustered-Small,After,0,2.957130184076292,0,5464908
Clustered-Small,SIMD,0,357.75892857142856,0,45248
Clustered-Small,SpanCollector,0,3.5566906730683736,0,4543788
Clustered-Small,ListCount,0,3.699630040695524,0,4368048
Clustered-Small,ListCount,1,2.9529381367193266,0,5472584
Clustered-Small,SpanCollector,1,2.962561102058954,0,5454808
Clustered-Small,SIMD,1,290.99202898550726,0,55752
Clustered-Small,After,1,3.2475684013964443,0,4976068
Clustered-Small,Before,1,3.1963324011186574,0,5056060
Clustered-Small,Before,2,3.5565217391304347,0,4543788
Clustered-Small,After,2,3.0042057829515585,0,5379260
Clustered-Small,SIMD,2,215.5,0,75144
Clustered-Small,SpanCollector,2,2.657620249800691,0,6081008
Clustered-Small,ListCount,2,3.551767004084532,0,4549848
Clustered-Small,ListCount,3,2.8263760333498196,0,5717812
Clustered-Small,SpanCollector,3,2.9324756249541823,0,5510964
Clustered-Small,SIMD,3,276.2630136986302,0,58984
Clustered-Small,After,3,3.3660383709188824,0,4801136
Clustered-Small,Before,3,3.695630081300813,0,4372896
Clustered-Small,Before,4,4.156114285714286,0,3888500
Clustered-Small,After,4,2.9728151010701542,0,5436224
Clustered-Small,SIMD,4,281.969014084507,0,57368
Clustered-Small,SpanCollector,4,3.581244404655327,0,4512680
Clustered-Small,ListCount,4,3.9766179540709814,0,4063836
Clustered-Small,ListCount,5,3.596152117234559,0,4493692
Clustered-Small,SpanCollector,5,4.182465495608532,0,3863856
Clustered-Small,SIMD,5,319.72063492063495,0,50904
Clustered-Small,After,5,3.74873957454784,0,4311084
Clustered-Small,Before,5,4.687508788375908,0,3447736
Clustered-Small,Before,6,4.497234401349073,0,3593580
Clustered-Small,After,6,3.753034993901867,0,4306236
Clustered-Small,SIMD,6,318.96984126984125,0,50904
Clustered-Small,SpanCollector,6,4.208806818181818,0,3839616
Clustered-Small,ListCount,6,4.071127620598412,0,3969704
Clustered-Small,ListCount,7,3.645889537003281,0,4432688
Clustered-Small,SpanCollector,7,4.156390274314214,0,3888096
Clustered-Small,SIMD,7,323.71451612903223,0,50096
Clustered-Small,After,7,3.851733102253033,0,4195944
Clustered-Small,Before,7,3.9129609703609507,0,4130092
Clustered-Small,Before,8,3.3934085510688834,0,4762352
Clustered-Small,After,8,3.716939230626277,0,4347848
Clustered-Small,SIMD,8,209.94921465968588,0,77164
Clustered-Small,SpanCollector,8,3.1055197577827807,0,5203924
Clustered-Small,ListCount,8,2.816171500985638,0,5738416
Clustered-Medium,Before,0,92.9445475638051,0,8493286
Clustered-Medium,After,0,58.93387334315169,0,13380374
Clustered-Medium,SIMD,0,325.2268292682927,0,2423838
Clustered-Medium,SpanCollector,0,40.53191489361702,0,19449822
Clustered-Medium,ListCount,0,46.633876600698486,0,16927454
Clustered-Medium,ListCount,1,56.55056497175141,0,13951848
Clustered-Medium,SpanCollector,1,38.5631021194605,0,20454828
Clustered-Medium,SIMD,1,339.31271186440677,0,2325308
Clustered-Medium,After,1,49.38666666666666,0,15961860
Clustered-Medium,Before,1,68.91256454388984,0,11449186
Clustered-Medium,Before,2,72.38318264014467,0,10897418
Clustered-Medium,After,2,50.798857868020306,0,15528328
Clustered-Medium,SIMD,2,339.8161016949153,0,2325308
Clustered-Medium,SpanCollector,2,42.39099576271186,0,18602464
Clustered-Medium,ListCount,2,47.68297619047619,0,16553040
Clustered-Medium,ListCount,3,62.05891472868217,0,12710370
Clustered-Medium,SpanCollector,3,53.67707774798927,0,14700676
Clustered-Medium,SIMD,3,360.8125,0,2207072
Clustered-Medium,After,3,57.326647564469916,0,13754788
Clustered-Medium,Before,3,80.27454909819639,0,9833294
Clustered-Medium,Before,4,78.60353634577602,0,10030354
Clustered-Medium,After,4,49.628784119106705,0,15883036
Clustered-Medium,SIMD,4,337.6924369747899,0,2345014
Clustered-Medium,SpanCollector,4,47.126,0,16750100
Clustered-Medium,ListCount,4,48.146811070998794,0,16375686
Clustered-Medium,ListCount,5,59.489153046062405,0,13262138
Clustered-Medium,SpanCollector,5,53.853566621803495,0,14641558
Clustered-Medium,SIMD,5,288.74244604316544,0,2739134
Clustered-Medium,After,5,53.980323450134776,0,14621852
Clustered-Medium,Before,5,91.83188073394494,0,8591816
Clustered-Medium,Before,6,73.0720802919708,0,10798888
Clustered-Medium,After,6,45.37936507936508,0,17380692
Clustered-Medium,SIMD,6,284.68936170212766,0,2778546
Clustered-Medium,SpanCollector,6,43.25254054054054,0,18228050
Clustered-Medium,ListCount,6,56.31195499296766,0,14010966
Clustered-Medium,ListCount,7,48.59296116504854,0,16237744
Clustered-Medium,SpanCollector,7,42.18514225500527,0,18700994
Clustered-Medium,SIMD,7,286.3314285714286,0,2758840
Clustered-Medium,After,7,61.496927803379414,0,12828606
Clustered-Medium,Before,7,84.47700421940928,0,9340644
Clustered-Medium,Before,8,72.18558558558559,0,10936830
Clustered-Medium,After,8,43.29329004329004,0,18208344
Clustered-Medium,SIMD,8,307.8167938931298,0,2581486
Clustered-Medium,SpanCollector,8,45.564578587699316,0,17301868
Clustered-Medium,ListCount,8,56.25814606741574,0,14030672
Clustered-Broad,Before,0,963.3404761904762,0,7641102
Clustered-Broad,After,0,452.238202247191,0,16191859
Clustered-Broad,SIMD,0,899.3088888888889,0,8186895
Clustered-Broad,SpanCollector,0,378.17735849056606,0,19284686
Clustered-Broad,ListCount,0,428.03723404255317,0,17101514
Clustered-Broad,ListCount,1,426.94893617021273,0,17101514
Clustered-Broad,SpanCollector,1,309.6853846153846,0,23651030
Clustered-Broad,SIMD,1,795.2862745098039,0,9278481
Clustered-Broad,After,1,435.3521739130435,0,16737652
Clustered-Broad,Before,1,884.4652173913043,0,8368826
Clustered-Broad,Before,2,627.9234375,0,11643584
Clustered-Broad,After,2,430.2118279569892,0,16919583
Clustered-Broad,SIMD,2,833.0204081632653,0,8914619
Clustered-Broad,SpanCollector,2,307.8007692307692,0,23651030
Clustered-Broad,ListCount,2,415.1072164948454,0,17647307
Clustered-Broad,ListCount,3,400.3069306930693,0,18375031
Clustered-Broad,SpanCollector,3,341.9949152542373,0,21467858
Clustered-Broad,SIMD,3,813.546,0,9096550
Clustered-Broad,After,3,337.09159663865546,0,21649789
Clustered-Broad,Before,3,626.05,0,11643584
Clustered-Broad,Before,4,668.4116666666666,0,10915860
Clustered-Broad,After,4,426.52021276595747,0,17101514
Clustered-Broad,SIMD,4,846.2062500000001,0,8732688
Clustered-Broad,SpanCollector,4,383.687619047619,0,19102755
Clustered-Broad,ListCount,4,515.6564102564103,0,14190618
Clustered-Broad,ListCount,5,460.83678160919544,0,15827997
Clustered-Broad,SpanCollector,5,283.06901408450705,0,25834202
Clustered-Broad,SIMD,5,747.0111111111111,0,9824274
Clustered-Broad,After,5,358.9857142857143,0,20376272
Clustered-Broad,Before,5,623.3646153846154,0,11825515
Clustered-Broad,Before,6,650.5483870967741,0,11279722
Clustered-Broad,After,6,350.82695652173913,0,20922065
Clustered-Broad,SIMD,6,768.1981132075472,0,9642343
Clustered-Broad,SpanCollector,6,305.0424242424242,0,24014892
Clustered-Broad,ListCount,6,340.3805084745763,0,21467858
Clustered-Broad,ListCount,7,385.2314285714286,0,19102755
Clustered-Broad,SpanCollector,7,351.3614035087719,0,20740134
Clustered-Broad,SIMD,7,746.7314814814815,0,9824274
Clustered-Broad,After,7,415.09999999999997,0,17647307
Clustered-Broad,Before,7,619.8123076923077,0,11825515
Clustered-Broad,Before,8,619.4323076923076,0,11825515
Clustered-Broad,After,8,340.914406779661,0,21467858
Clustered-Broad,SIMD,8,717.4160714285715,0,10188136
Clustered-Broad,SpanCollector,8,318.3563492063492,0,22923306
Clustered-Broad,ListCount,8,432.47419354838706,0,16919583
Clustered-All,Before,0,2425.8411764705884,0,10880000
Clustered-All,After,0,1515.4518518518516,0,17280000
Clustered-All,SIMD,0,2170.0315789473684,0,12160000
Clustered-All,SpanCollector,0,1158.2685714285715,0,22400000
Clustered-All,ListCount,0,1196.179411764706,0,21760000
Clustered-All,ListCount,1,1256.7,0,20480000
Clustered-All,SpanCollector,1,1122.7805555555556,0,23040000
Clustered-All,SIMD,1,2040.595,0,12800000
Clustered-All,After,1,1260.915625,0,20480000
Clustered-All,Before,1,2400.8352941176468,0,10880000
Clustered-All,Before,2,2163.205263157895,0,12160000
Clustered-All,After,2,1194.6764705882354,0,21760000
Clustered-All,SIMD,2,2062.855,0,12800000
Clustered-All,SpanCollector,2,1002.4926829268292,0,26240000
Clustered-All,ListCount,2,1143.2485714285713,0,22400000
Clustered-All,ListCount,3,1284.28125,0,20480000
Clustered-All,SpanCollector,3,1195.2058823529412,0,21760000
Clustered-All,SIMD,3,2037.985,0,12800000
Clustered-All,After,3,1423.0137931034483,0,18560000
Clustered-All,Before,3,2949.878571428572,0,8960000
Clustered-All,Before,4,2369.672222222222,0,11520000
Clustered-All,After,4,1658.116,0,16000000
Clustered-All,SIMD,4,2279.733333333333,0,11520000
Clustered-All,SpanCollector,4,1377.8433333333335,0,19200000
Clustered-All,ListCount,4,1286.3875,0,20480000
Clustered-All,ListCount,5,1451.7785714285715,0,17920000
Clustered-All,SpanCollector,5,940.5767441860465,0,27520000
Clustered-All,SIMD,5,2036.685,0,12800000
Clustered-All,After,5,1314.4580645161288,0,19840000
Clustered-All,Before,5,2396.9764705882353,0,10880000
Clustered-All,Before,6,2458.0823529411764,0,10880000
Clustered-All,After,6,1332.7677419354839,0,19840000
Clustered-All,SIMD,6,1959.0238095238096,0,13440000
Clustered-All,SpanCollector,6,1339.8433333333335,0,19200000
Clustered-All,ListCount,6,1642.2320000000002,0,16000000
Clustered-All,ListCount,7,1620.4160000000002,0,16000000
Clustered-All,SpanCollector,7,1290.6,0,19840000
Clustered-All,SIMD,7,2340.3166666666666,0,11520000
Clustered-All,After,7,1536.8333333333333,0,17280000
Clustered-All,Before,7,2323.961111111111,0,11520000
Clustered-All,Before,8,3078.25,0,8960000
Clustered-All,After,8,1457.2821428571428,0,17920000
Clustered-All,SIMD,8,2275.2944444444447,0,11520000
Clustered-All,SpanCollector,8,1226.918181818182,0,21120000
Clustered-All,ListCount,8,1531.0407407407406,0,17280000
Clustered-Miss,Before,0,0.5769913163892335,0,0
Clustered-Miss,After,0,0.3275179929747566,0,0
Clustered-Miss,SIMD,0,360.5009009009009,0,0
Clustered-Miss,SpanCollector,0,0.5637511627251459,0,0
Clustered-Miss,ListCount,0,0.5498735290883097,0,0
Clustered-Miss,ListCount,1,0.467400093479785,0,0
Clustered-Miss,SpanCollector,1,0.4412035913613201,0,0
Clustered-Miss,SIMD,1,318.8380952380952,0,0
Clustered-Miss,After,1,0.3069351831247458,0,0
Clustered-Miss,Before,1,0.604158107781537,0,0
Clustered-Miss,Before,2,0.5642587106785161,0,0
Clustered-Miss,After,2,0.3262483075869044,0,0
Clustered-Miss,SIMD,2,360.9018018018018,0,0
Clustered-Miss,SpanCollector,2,0.5479493150684932,0,0
Clustered-Miss,ListCount,2,0.555135660259524,0,0
Clustered-Miss,ListCount,3,0.47565044710806703,0,0
Clustered-Miss,SpanCollector,3,0.535734758384228,0,0
Clustered-Miss,SIMD,3,291.4115942028986,0,0
Clustered-Miss,After,3,0.3275681341719078,0,0
Clustered-Miss,Before,3,0.60141933543828,0,0
Clustered-Miss,Before,4,0.6044152311876699,0,0
Clustered-Miss,After,4,0.3277764575736469,0,0
Clustered-Miss,SIMD,4,238.31190476190477,0,0
Clustered-Miss,SpanCollector,4,0.35407405440334244,0,0
Clustered-Miss,ListCount,4,0.4597078563876247,0,0
Clustered-Miss,ListCount,5,0.46530488797896846,0,0
Clustered-Miss,SpanCollector,5,0.5669860664219195,0,0
Clustered-Miss,SIMD,5,360.75855855855855,0,0
Clustered-Miss,After,5,0.32735798872257366,0,0
Clustered-Miss,Before,5,0.6041109751861417,0,0
Clustered-Miss,Before,6,0.587085742800951,0,0
Clustered-Miss,After,6,0.32799521126991543,0,0
Clustered-Miss,SIMD,6,360.79459459459457,0,0
Clustered-Miss,SpanCollector,6,0.4959444547765173,0,0
Clustered-Miss,ListCount,6,0.567708880341759,0,0
Clustered-Miss,ListCount,7,0.5669633745322599,0,0
Clustered-Miss,SpanCollector,7,0.5544389770600874,0,0
Clustered-Miss,SIMD,7,353.46315789473687,0,0
Clustered-Miss,After,7,0.25757659664893684,0,0
Clustered-Miss,Before,7,0.4715761055374132,0,0
Clustered-Miss,Before,8,0.5772270083842013,0,0
Clustered-Miss,After,8,0.3201306132902224,0,0
Clustered-Miss,SIMD,8,272.51216216216216,0,0
Clustered-Miss,SpanCollector,8,0.5011049308478652,0,0
Clustered-Miss,ListCount,8,0.42052144659377627,0,0
